year,asym,se.asym,lrc,se.lrc,resid.se,df
2022,2887.083,258.9537,-3.047983,0.45471,939.8355,50
2023,4711.833,234.7729,-2.5507,0.453578,939.8355,50